title,category,created
Spica (Maaya Sakamoto song),recent,2025-11-04T16:32:07Z
Mariana Morales,recent,2025-11-04T16:31:54Z
2025–26 Louisiana Ragin' Cajuns men's basketball team,recent,2025-11-04T16:30:07Z
Tre Voci,recent,2025-11-04T16:27:01Z
Public Management Agency (Lithuania),recent,2025-11-04T16:23:35Z
List of streets and squares in Leipzig,recent,2025-11-04T16:21:52Z
Gerald Bezhanov,recent,2025-11-04T16:20:18Z
2025 Consellation Cup,recent,2025-11-04T16:20:17Z
Sher Dil Khan,recent,2025-11-04T16:19:27Z
Tayrahi,recent,2025-11-04T16:18:53Z
? (2011 film),high-traffic,N/A
1 − 2 + 3 − 4 + ⋯,high-traffic,N/A
1 Line (Sound Transit),high-traffic,N/A
1 Wall Street,high-traffic,N/A
1st Cavalry Division (Kingdom of Yugoslavia),high-traffic,N/A
1st Missouri Field Battery,high-traffic,N/A
1st Provisional Marine Brigade,high-traffic,N/A
2nd Infantry Division (United Kingdom),high-traffic,N/A
2nd Red Banner Army,high-traffic,N/A
3 of Hearts (album),high-traffic,N/A
? Nycticebus linglom,medium-traffic,N/A
?Oryzomys pliocaenicus,medium-traffic,N/A
.hack (video game series),medium-traffic,N/A
.hack//G.U.,medium-traffic,N/A
*SCAPE building,medium-traffic,N/A
0-8-4,medium-traffic,N/A
I Corps (United States),medium-traffic,N/A
Tropical Depression One (1992),medium-traffic,N/A
Tropical Depression One (1993),medium-traffic,N/A
1,medium-traffic,N/A
